month_period,scores_openai_merged,openai_justification
"2020,09",-0.6,"The analysis of the text indicates a dovish stance by the Bank of England, highlighted by the emphasis on maintaining the Bank Rate at 0.1% (Panel A1) amid uncertainties driven by the Covid-19 pandemic. The mention of the unemployment rate projected to rise markedly (Panel B1) reflects concerns over labor market stability, aligning with a more accommodative policy. Additionally, the reference to the Committee’s intention not to tighten monetary policy until clear progress is made in achieving the 2% inflation target (Panel A2) underscores a cautious approach focused on supporting recovery rather than restrictive measures. This balance of terms demonstrates a clear dovish bias, given the prevailing economic conditions."
"2020,11",0.2,"The minutes indicate a slight dovish tilt in monetary policy, primarily referencing the need to support the economy amidst challenging conditions. Terms such as 'economic activity' (Panel A1) and 'interest rate' (Panel A1) were mentioned, reflecting ongoing attention to maintaining monetary policy effectiveness. However, the discussion also highlighted concerns surrounding 'unemployment' (Panel B1) and the necessity to monitor 'growth' (Panel B1), suggesting a responsiveness to potential downward pressures. Ultimately, while there is acknowledgment of inflation (Panel A1), the emphasis on supporting economic recovery indicates a more cautious stance overall, leading to a moderately hawkish score."
"2020,12",-0.3,"The analysis indicates a dovish tone from the Bank of England's December minutes. The Committee's decision to maintain the Bank Rate at 0.1% and its continuation of asset purchase programs underscores a commitment to accommodative monetary policy in light of economic uncertainties and rising unemployment (Panel B1). Moreover, the reference to a potential increase in CPI inflation in the future was softened by acknowledging the ongoing limitations from the pandemic, suggesting a cautious approach rather than an immediate tightening stance (Panel A1). The intention to take additional action if necessary illustrates readiness to ease further rather than tighten, particularly as the Committee emphasized they do not intend to tighten policy until there's clear evidence of sustainable progress towards the inflation target (Panel A2), showcasing their focus on support rather than restrictive measures."
"2021,02",-0.6,"The analysis of the text indicates a dovish stance due to explicit considerations surrounding the economic recovery and inflation control. Terms like 'maintain Bank Rate at 0.1%' (Panel A1) suggest a commitment to accommodative monetary policy to support growth. Furthermore, the mention of 'spare capacity' and 'unemployment' (Panel B1) highlights ongoing concerns about labor market challenges, signaling a preference for easing until economic conditions improve. Despite the projection of CPI inflation nearing the 2% target, the MPC's statement regarding not tightening until substantial progress is evident (Panel A2) reflects a cautious approach. Overall, the language emphasizes continued support over immediate tightening, yielding a score indicative of moderate dovishness."
"2021,03",-0.25,"The analysis indicates a dovish sentiment in the Bank of England's approach for March 2021, primarily highlighted by terms emphasizing ongoing support for economic recovery. The MPC stated it does not intend to tighten monetary policy until 'clear evidence' shows progress in eliminating spare capacity and meeting the 2% inflation target sustainably, suggesting a commitment to accommodative measures (Panel B1). Moreover, the mention of 'material degree of spare capacity' indicates a lack of urgency to tighten, supporting a dovish stance (Panel A2). Furthermore, while inflation is projected to return to the target, the MPC's readiness to take action if inflation weakens shows caution rather than a hawkish tightening bias. Overall, these terms reflect a supportive stance towards growth and employment, consistent with dovish positioning."
"2021,05",0.25,"The analysis of the Monetary Policy Summary for May 2021 indicates a slightly hawkish bias. Key terms such as 'interest rate' and 'inflation expectation' from Panel A1 suggest that the Committee was increasingly concerned about rising inflation pressures, which supports tightening measures (Panel A2). At the same time, the mention of 'economic activity' and 'growth' from Panel B1 illustrates a recognition of the recovery in the economy. This dual focus on controlling inflation while acknowledging economic improvement creates a nuanced view, leaning toward tightening without entirely dismissing the need for accommodative measures."
"2021,06",-0.3,"The Bank of England maintained a broadly dovish stance in June 2021. Although inflation was projected to rise temporarily above the 2% target due to energy prices (Panel A1: 'inflation'), the Committee emphasized that these pressures are likely to be 'transitory' (Panel B1: 'growth') and noted they do not intend to 'tighten' monetary policy until substantial progress in capacity elimination is observed (Panel A2: 'tighten'). Additionally, with unemployment at 4.7% and the ongoing recovery in the job market still presenting slack, the MPC appears focused on supporting growth rather than hastening any rate hikes. The discussion of inflation expectations being 'well anchored' further reinforces this dovish sentiment, indicating a readiness to remain accommodative unless persistent inflationary pressures materialize."
"2021,08",0.25,"The analysis indicates a mildly hawkish stance. The mention of 'inflation' (Panel A1) was prominent, underscoring ongoing concerns about rising consumer prices, as CPI inflation rose to 2.5%, above the 2% target. Additionally, the phrase 'modest tightening of monetary policy' reflects a potential intention to tighten (Panel A2) in response to evolving economic conditions. Conversely, terms such as 'unemployment' (Panel B1) and 'spare capacity' illustrate the opposing dovish considerations regarding labor market challenges and excess supply that could weigh on any tightening decisions. The MPC's guidance indicating no tightening until spare capacity is eliminated fuels this dovish sentiment. Ultimately, the balancing act between inflationary pressures and labor market uncertainties yields a score indicating a cautious hawkish bias."
"2021,09",0.25,"The analysis indicates a slight hawkish bias, evidenced by terms such as 'tightening' (Panel A2) and 'inflation target' (Panel A1), suggesting a recognition of the need to address rising inflation rates. The text acknowledges that CPI inflation is expected to exceed 4% (Panel A1), which reflects heightened inflation expectations influencing policy considerations. Conversely, the mention of 'unemployment' (Panel B1) illustrates ongoing concerns regarding the labor market, indicating a balancing act between inflation pressures and employment stability. Despite the hawkish signals, the Committee's decision to maintain the current Bank Rate at 0.1% shows an intent to support economic recovery amid uncertainties, highlighting a dual focus on inflation and growth, which tempers the overall hawkishness."
"2021,11",0.55,"The analysis indicates a moderately hawkish stance reflected in the Bank of England's recent communications. The mention of 'some modest tightening of monetary policy' illustrates a tightening bias (Panel A2). Furthermore, the necessity to 'increase Bank Rate in order to return CPI inflation sustainably to the 2% target' highlights an intention to act against rising inflation expectations (Panel A1). Conversely, the text notes 'near-term uncertainties' regarding the labor market and domestic price pressures, which suggests a cautionary approach typically associated with a dovish stance (Panel B1). Despite these concerns, the overarching narrative points toward a readiness to tighten policy in the face of inflationary pressures, underwriting a hawkish perspective."
"2021,12",0.0,"The aggregated text block does not provide specific insights or context related to monetary policy from the Bank of England for December 2021. Terms relevant to either hawkishness or dovishness, such as 'interest rate' (Panel A1) or 'growth' (Panel B1), are absent. The text primarily mentions administrative updates and appointments without discussing economic indicators or policy measures. Therefore, it maintains a neutral position regarding the tightening or easing bias of monetary policy."
"2022,02",0.7,"The analysis indicates a hawkish stance predominantly reflected in the decision to increase the Bank Rate by 0.25 percentage points, underscoring the Committee's emphasis on controlling inflation (Panel A1). The text highlights concerns regarding inflation expectations rising to around 7¼% in April and the committee's intention to tighten monetary policy further if necessary, evidenced by terms like 'tightness of the labour market' and 'increase in Bank Rate' (Panel A2). Additionally, the mention of anticipated modest tightening aligns with a tightening bias (Panel A2). While references to potential economic slowing and elevated unemployment (Panel B1) suggest caution, they are overshadowed by the strong focus on inflation control and the need for monetary policy adjustments towards tighter conditions. Overall, the commitment to a restrictive policy is evident through the MPC's priorities and future projections, culminating in a score reflecting a moderately hawkish sentiment."
"2022,03",0.65,"The analysis displays a hawkish inclination, primarily due to the emphasis on raising the Bank Rate (Panel A1) by 0.25 percentage points amidst persistent inflationary pressures. Terms such as 'tightness of the labour market' and 'robust domestic cost and price pressures' indicate a tightening bias (Panel A2), suggesting that the MPC is wary of inflation expectations that could remain elevated. Conversely, mention of lower GDP growth and rising unemployment (Panel B1) reflects some dovishness, as these factors could temper aggressive tightening. Nonetheless, the overall discourse points towards the necessity for continued monetary policy adjustments to stabilize inflation, aligning more with hawkish intentions."
"2022,05",0.6,"The analysis reveals a hawkish stance from the Bank of England, primarily indicated by the increase in the Bank Rate (Panel A1) to 1% and indications of further potential tightening in the near future. The mention of the need to ensure longer-term inflation expectations are anchored at the 2% target suggests an ongoing commitment to control inflation (Panel A1). Furthermore, the text reflects upward pressures on CPI inflation due to rising energy prices and domestic costs, reiterating the urgency to tighten policy (Panel A2). In contrast, terms related to growth and rising unemployment (Panel B1) were present, hinting at the adverse economic effects of inflation on household incomes. However, the overall context favors maintaining a restrictive policy amid concerns over persistent inflation and a tightening labor market, underscoring a predominance of hawkish indicators over the dovish aspects presented."
"2022,06",0.55,"The analysis indicates a moderately hawkish stance, primarily driven by the emphasis on inflation expectations (Panel A1) and the decision to increase the Bank Rate (Panel A2) amid rising inflationary pressures. The Committee highlighted persistent robust cost pressures, a tight labour market, and the need to act forcefully in response to inflation, all aligning with a tightening bias. Concurrently, concerns about economic growth (Panel B1) were noted, with projections of rising unemployment, which might suggest a dovish undertone. However, the overarching focus on inflation control and the commitment to maintaining price stability strongly support a hawkish outlook. Overall, the pressing need to address inflation overshadowed the risks to economic growth."
"2022,08",0.65,"The analysis indicates a hawkish stance primarily due to the MPC explicitly increasing the Bank Rate by 0.5 percentage points to manage the rising inflation expectation (Panel A1), which is projected to exceed 13% in Q4 2022. Additionally, the MPC's commitment to respond 'forcefully' to more persistent inflationary pressures (Panel A2) underscores a focus on tightening measures to anchor price stability. The text refers to significant domestic cost and price pressures, emphasizing a tight labor market and high inflation, aligning with hawkish sentiments. Though there are mentions of potential easing in inflation over time (Panel B2), the overall context of tightening policy in response to current economic conditions outweighs these dovish elements, reflecting a dominant hawkish outlook in the communications."
"2022,09",0.55,"The analysis demonstrates a hawkish stance primarily due to the decision to increase the Bank Rate by 0.5 percentage points (Panel A1), highlighting the Committee's intent to combat persistent inflationary pressures. The term 'tightened' appears in the context of a tightening labor market, suggesting an inclination toward maintaining restrictive monetary policy (Panel A2). This is juxtaposed with the acknowledgment of elevated inflation levels ('above 10%') which emphasizes the focus on price stability over accommodative measures (Panel B1). While the Energy Price Guarantee may alleviate some immediate inflation concerns, the emphasis remains on the enforcement of the 2% inflation target, suggesting a proactive approach to controlling inflation akin to hawkish behavior, thus solidifying the score towards the hawkish end of the spectrum."
"2022,11",0.67,"The analysis indicates a hawkish stance by the Bank of England, primarily supported by key terms reflecting tightening bias. The decision to increase the Bank Rate by 0.75 percentage points (Panel A1) evidences a proactive approach to combat escalating inflation expectations and address the projected uptick in CPI inflation to around 11%. Furthermore, the mention of the Committee's commitment to respond forcefully to persistent inflationary pressures (Panel A2) reinforces a tightening outlook. Although there are considerations for fiscal support that might stimulate demand (Panel B1), the overall framing suggests that maintaining price stability is paramount. The acknowledgment of a tighter labour market and signs of firmer inflation in domestic prices (Panel B2) contrasts with the emphasis on controlling inflation, thus exhibiting a predominately hawkish perspective. Overall, the MPC's vigilant approach to monetary policy reflects a strong bias towards tightening to achieve its inflation targets."
"2022,12",0.7,"The analysis indicates a hawkish stance from the MPC, prominently reflected in the decision to increase the Bank Rate by 0.5 percentage points (Panel A1). This action underscores a tightening bias aimed at curbing persistent inflationary pressures, particularly as the text highlights elevated domestic wage and price pressures (Panel A1). Furthermore, the reference to the need for a forceful monetary policy response due to inflationary risks demonstrates a robust concern for price stability. Conversely, while the text acknowledges potential economic slack and rising unemployment (Panel B1), these factors are interpreted within a context of ongoing inflation pressures rather than easing conditions. Overall, the emphasis on anchoring inflation expectations at the 2% target (Panel A2) and the willingness to respond decisively to inflationary signals solidifies a predominantly hawkish outlook."
"2023,02",0.62,"The overall tone of the February 2023 Minutes suggests a moderately hawkish bias. The MPC's decision to raise the Bank Rate by 0.5 percentage points reiterates the commitment to addressing inflation expectations (Panel A1). Furthermore, the mention of 'tightness in labor market conditions' and 'risks of greater persistence in underlying inflation' signifies a focus on maintaining restrictive measures (Panel A2). While there is acknowledgment of the easing in global supply pressures and expectations for inflation to eventually fall towards the 2% target (Panel B1), the emphasis remains on the potential need for further tightening to counteract remaining inflationary pressures significantly favors a tightening stance. This balance of terms indicates that the BoE is prioritizing inflation control while monitoring economic indicators closely, resulting in a score that reflects this cautious yet hawkish outlook."
"2023,03",0.65,"The text reflects a hawkish stance primarily due to references to inflation expectations and the need for a tightening of monetary policy. The MPC's decision to increase the Bank Rate by 0.25 percentage points to 4.25% (Panel A1) underscores a proactive approach in combating inflation, particularly with recent CPI fluctuations highlighted throughout the summary. Furthermore, phrases such as 'persistent inflationary pressures' and 'further tightening in monetary policy would be required' (Panel A2) indicate readiness to act decisively. In contrast, mentions of potential GDP growth and relatively stable unemployment levels (Panel B1) suggest a cautious acknowledgment of economic recovery, yet they do not outweigh the dominant tightening bias aimed at achieving the 2% inflation target sustainably."
"2023,05",0.65,"The analysis indicates a hawkish stance from the MPC, particularly due to the emphasis on maintaining a tight monetary policy. The decision to raise the Bank Rate (Panel A1) highlights a proactive approach to address inflation risks, especially regarding the persistent strength in domestic price and wage setting. Additionally, terms like 'tight labour market' (Panel B1) suggest a concern for robust employment conditions while still leaning towards tightening as the MPC mentioned the need for further tightening if inflation persists. The acknowledgment of unchanged inflation forecasts also signals vigilance against upward inflationary pressures (Panel A2), which further supports a hawkish interpretation. Overall, despite some dovish signals regarding easing inflation expectations, the stronger focus on raising interest rates and monitoring inflation strongly characterizes May 2023 as predominantly hawkish."
"2023,06",0.65,"The analysis indicates a hawkish stance, as evidenced by several key terms. The decision to increase the Bank Rate by 0.5 percentage points to 5% highlights a clear intention to address inflation expectations (Panel A1). Statements about the significant upside news in inflation data suggest that the MPC is concerned about persistent inflationary pressures, signaling readiness to tighten further if needed (Panel A2). Additionally, while there are signs of stronger household spending and employment growth (Panel B1), the emphasis on monitoring the tight labor market elucidates a balancing act between promoting growth and combating inflation. This context underscores the BoE's commitment to ensuring CPI inflation returns to the target, indicating that the tightening bias prevails amidst moderate growth signals."
"2023,08",0.68,"The analysis indicates a moderately hawkish stance from the Bank of England, prominently reflected in the decision to increase the Bank Rate by 0.25 percentage points (Panel A1). The MPC’s clear focus on ensuring that inflation expectations align with the 2% target, despite acknowledging a decline in CPI inflation from 8.7% to 7.9% (Panel B1), underscores a tightening commitment. Additionally, the mention of the monetary policy being restrictive (Panel A2) reinforces this hawkish outlook. Although there are references to mixed economic data and indications of loosening in the labor market (e.g., rising unemployment, suggesting some easing bias), the overarching sentiment remains one of vigilance against inflation, indicating readiness for further tightening if necessary. This balance of evidence supports a hawkish score while acknowledging some easing considerations."
"2023,09",0.0,"The text lacks specific terms associated with either hawkish or dovish stances, resulting in a neutral assessment. There are no mentions of inflation expectations or changes in the bank rate (Panel A1), nor are there references to themes like unemployment or economic growth (Panel B1). The communication primarily revolves around procedural information regarding upcoming MPC announcements and the publication of meeting transcripts without any direct implications for policy positioning, indicating that no clear bias toward tightening or easing monetary policy can be inferred."
"2023,11",0.65,"The analysis indicates a hawkish bias within the MPC's November communications. Notably, terms such as 'restrictive' (Panel A2) and 'increase Bank Rate' (Panel A1) highlight a commitment to maintaining a tough stance on inflation, emphasizing that the current monetary policy remains tight. In contrast, while there are mentions of potential growth (Panel B1) and a projected decline in inflation, these are overshadowed by the assurance that monetary policy must stay restrictive for an extended duration. The Committee's concerns regarding 'persistent inflationary pressures' (Panel A2) imply a readiness to act further if necessary, reinforcing a tightening perspective in the context of elevated inflation expectations. Overall, despite acknowledging some weakness in growth and employment indicators, the overarching focus on combating inflation suggests a strong hawkish sentiment."
"2023,12",0.55,"The text analysis indicates a moderately hawkish stance by the MPC, primarily due to the emphasis on the need for persistence in restrictive monetary policy. Key terms such as 'inflation expectation' (Panel A1) are highlighted, revealing concerns over domestic inflationary pressures that are still considered elevated, particularly in services price inflation. Furthermore, the phrase 'tighten' (Panel A2) signifies ongoing discussions among MPC members about maintaining a restrictive stance to combat these inflationary risks. However, there are also mentions of economic slowdown with indicators of 'demand' (Panel B1) weakening, and references to 'household consumption' declining, which suggest dovish considerations influencing policy decisions. Nonetheless, the prevailing narrative reinforces the need for continued vigilance against inflation, leading to a balanced score leaning toward hawkishness."
"2024,02",0.65,"The analysis indicates a hawkish bias in the Bank of England's recent communications. The Committee's decision to maintain the Bank Rate at 5.25% and the mention of the need to keep monetary policy restrictive to address inflation concerns reflect a tightening stance (Panel A1: 'restrictive stance', 'inflation', 'Bank Rate'). Furthermore, the acknowledgment that persistent inflationary pressures remain elevated demonstrates a commitment to uphold current rates until the risks of inflation embedded above the target diminish—supporting a tightening bias. Additionally, while the text mentions factors like easing wage growth (Panel B1: 'wage growth has eased'), the overall narrative conveys a preoccupation with inflation control and stability, reinforcing a hawkish perspective."
"2024,03",0.65,"The analysis suggests a hawkish stance as evidenced by several key terms. The MPC's emphasis on the need to maintain a 'restrictive stance' suggests a focus on controlling inflation (Panel A1), particularly to return CPI inflation to the 2% target sustainably. The mention of 'inflation persistence' (Panel A1) indicates ongoing concerns about inflation remaining above desired levels, reinforcing the need for tight monetary policy. While the text acknowledges some easing in inflation expectations (Panel B1), the overall sentiment reflects a commitment to keeping the Bank Rate at 5.25% to combat inflationary pressures. Additionally, the indicators of activity in the economy are projected to improve, but the dominant narrative centers on ensuring that inflationary risks do not become embedded, demonstrating a clear preference for hawkish monetary policy."
"2024,05",0.65,"The analysis indicates a hawkish stance, as evidenced by the MPC's emphasis on maintaining a restrictive monetary policy. Terms such as 'restrictive stance of monetary policy' (Panel A2) and 'need to remain restrictive for sufficiently long' highlight the intent to prioritize inflation control over growth. Although the text does mention 'easing pay growth' (Panel B2), which suggests some dovishness, the overall context aligns more with a tightening bias. Additionally, the phrase 'inflation expectation' (Panel A1) underscores a continued focus on managing inflation, bolstering the hawkish sentiment. The balance of these terms reflects a stronger commitment to combating inflation, leading to a score that leans towards hawkishness."
"2024,06",0.65,"The text reflects a moderately hawkish stance, primarily through the emphasis on maintaining the Bank Rate at 5.25%, illustrating a commitment to tight monetary policy (Panel A1). The mention of the inflation target and the necessity to keep policy restrictive for an extended period indicates a serious concern over inflation persistence (Panel A2). Although the narrative acknowledges easing inflation pressures and improvements in demand conditions (Panel B1), the predominance of terms related to tightening policy and the clear message that rates must remain elevated to ensure sustainable inflation stability reinforces a hawkish outlook."
"2024,08",0.25,"The analysis suggests a mildly hawkish stance driven by the ongoing concerns surrounding inflation expectations (Panel A1) and the need to maintain a restrictive monetary policy. While the MPC voted to reduce the Bank Rate (Panel A2), the justification for this adjustment is closely tied to the persistence of domestic inflationary pressures and the conditional need for policy restrictiveness until inflation trends settle at the target level. Additionally, references to a looser labour market (Panel B1) and potential risks to inflation highlight the balancing act the MPC faces between fostering economic growth and controlling inflation. Terms like 'restrictive stance' (Panel A2) and the monitoring of inflation persistence underscore the cautious approach the MPC intends to uphold despite the recent rate cut."
"2024,09",0.65,"The analysis indicates a moderately hawkish stance primarily due to a clear emphasis on managing persistent inflationary pressures (Panel A1 - 'inflation expectation') and the statement that monetary policy will need to remain restrictive (Panel A2 - 'restrictive'). The BoE's decision to maintain the Bank Rate at 5% instead of cutting it suggests a commitment to ensure that inflation returns to the target sustainably. Additionally, the mention of 'economic slack' (Panel B1), which could potentially lead to a less restrictive stance, contrasts with their current approach, underscoring the necessity of tight policies in the face of persistent inflation. Overall, the text conveys a primary concern for inflation management, reaffirming a tightening bias in the context of ongoing economic conditions."
"2024,11",0.25,"The analysis indicates a cautiously hawkish stance from the MPC. While the decision to reduce the Bank Rate (Panel A2) to 4.75% suggests some easing, the context emphasizes the necessity of maintaining a restrictive policy until inflation risks subside (Panel A1). Terms like 'disinflation' highlight an ongoing effort to control inflation (Panel A1) despite economic slack. Additionally, phrases such as 'gradual approach to removing policy restraint' further support the notion that the Committee remains vigilant against inflation persistence (Panel A1), indicating that while there is room for easing, the overarching need to manage inflation aligns closer with hawkish sentiment than dovish."
"2024,12",0.65,"The analysis indicates a hawkish inclination, reflected in the Committee's focus on managing inflation expectations and the need to keep the Bank Rate stable at 4.75% (A1: 'Bank Rate'). There is a clear emphasis on maintaining a restrictive monetary policy (A2: 'restrictive') to mitigate inflation risks, particularly in light of rising CPI inflation (A1: 'inflation'). While there are mentions of growth and employment (B1: 'growth', 'employment'), the tone sidelines these considerations in favor of ensuring sustained inflation control, suggesting that the MPC prioritizes combating inflation over boosting growth. Overall, the emphasis on inflation persistence and a gradual approach to monetary policy adjustments marks a commitment to tightening, aligning with a predominantly hawkish outlook."
